area,temperature,ndvi,albedo,building_height,pop_density
crown heights brooklyn,89.65505229,0.188076798,5.579421218,1.679784336,47026
crown heights brooklyn,86.70998017,0.022637924,22.19656914,2.881686479,47026
crown heights brooklyn,88.61465419,0.278675959,9.302528023,1.901617849,47026
crown heights brooklyn,90.4967305,0.162613105,13.39449567,1.418732496,47026
crown heights brooklyn,92.37220355,-0.003855129,21.92563526,4.903954828,47026
crown heights brooklyn,90.41100609,0.109761377,26.0826423,5.428546025,47026
crown heights brooklyn,90.41739398,0.07982788,11.54073874,3.176050791,47026
crown heights brooklyn,89.65127182,0.103635482,20.92795222,3.137286277,47026
crown heights brooklyn,93.0898989,-0.044598204,23.05945367,1.96683174,47026
crown heights brooklyn,93.96531693,0.011384336,26.44393815,1.67936995,47026
crown heights brooklyn,93.90339993,-0.070328553,13.25129129,2.001917781,47026
crown heights brooklyn,93.65913341,-0.181686223,23.20644934,1.974807041,47026
crown heights brooklyn,92.38903273,-0.093009622,11.93676552,2.410504567,47026
crown heights brooklyn,93.82472744,-0.223491982,4.916659113,1.464839912,47026
crown heights brooklyn,92.81186779,-0.155651999,11.96774993,3.311069147,47026
crown heights brooklyn,92.31125103,0.166946785,8.383411588,3.218252363,47026
crown heights brooklyn,94.34689858,-0.286916807,13.72965264,2.112099928,47026
crown heights brooklyn,94.50403205,-0.156515672,5.936920047,1.988962186,47026
crown heights brooklyn,96.15665869,0.137585316,13.16006691,1.217969646,47026
crown heights brooklyn,93.84132328,-0.104146274,7.848877409,2.054411806,47026
crown heights brooklyn,92.45330347,-0.280955673,11.19138028,2.348492763,47026
crown heights brooklyn,93.91226707,-0.201904963,16.51949654,1.690953643,47026
crown heights brooklyn,96.88546884,-0.144268217,7.787889473,1.661367289,47026
crown heights brooklyn,93.41383591,-0.336467697,8.422991588,1.899702244,47026
crown heights brooklyn,97.19601068,-0.29480347,11.09930376,3.917613397,47026
crown heights brooklyn,95.92828066,-0.161607875,4.210370369,4.80808553,47026
crown heights brooklyn,94.67556576,-0.265544087,16.66869884,3.914754465,47026
crown heights brooklyn,96.17447664,-0.133409655,13.02616982,1.487875586,47026
crown heights brooklyn,95.93388787,-0.291902764,18.39400447,3.571053232,47026
crown heights brooklyn,96.09453643,-0.343662546,8.127050703,2.222131201,47026
crown heights brooklyn,97.59355159,-0.262470683,15.23085067,2.624553694,47026
crown heights brooklyn,97.99496012,-0.041695468,15.04191377,3.707479689,47026
crown heights brooklyn,96.87916646,-0.245253475,4.961488603,4.701195708,47026
crown heights brooklyn,96.87153468,-0.198684989,4.786099096,4.718739113,47026
crown heights brooklyn,94.66711308,-0.175435239,13.49926242,3.689569099,47026
crown heights brooklyn,95.73968263,-0.293904769,13.41973883,3.436326345,47026
crown heights brooklyn,94.21749011,-0.176232025,9.981476965,1.646874057,47026
crown heights brooklyn,97.76473873,-0.051982204,14.62261198,2.0943884,47026
crown heights brooklyn,96.04858918,-0.105501253,4.334720111,1.244640274,47026
crown heights brooklyn,98.26959516,-0.24867081,16.58475869,1.616641178,47026
crown heights brooklyn,96.44589685,-0.076690189,17.04630532,1.583197351,47026
crown heights brooklyn,94.26321455,-0.333070494,17.11393151,5.649231998,47026
crown heights brooklyn,95.45725488,-0.149713446,5.176031071,1.720289261,47026
crown heights brooklyn,97.00913461,-0.191111703,7.97522131,4.470105406,47026
crown heights brooklyn,96.33013684,-0.244016287,13.02807886,1.624711134,47026
crown heights brooklyn,98.16396487,-0.075023349,7.012981239,1.582832089,47026
crown heights brooklyn,97.42614886,-0.370411375,13.47780093,1.714549997,47026
crown heights brooklyn,95.94264828,0.016260879,8.758631175,4.668141913,47026
crown heights brooklyn,95.70196485,-0.215387413,7.94898311,3.024941681,47026
crown heights brooklyn,97.00149768,-0.218625438,4.126273795,1.871590321,47026
crown heights brooklyn,97.63330981,-0.250225017,8.314131656,3.43708299,47026
crown heights brooklyn,96.66257789,-0.314288084,3.610445191,1.2832015,47026
crown heights brooklyn,97.28856716,-0.436651521,4.964952233,1.442408755,47026
crown heights brooklyn,99.07361473,-0.348862056,10.00560824,3.871743237,47026
crown heights brooklyn,97.49949817,-0.206967307,9.984042411,3.580976994,47026
crown heights brooklyn,96.92259713,-0.25432906,15.53314244,3.610161531,47026
crown heights brooklyn,96.21357776,-0.250080919,5.732212884,2.774016679,47026
crown heights brooklyn,95.62345305,-0.15527832,7.362926147,2.492466193,47026
crown heights brooklyn,97.83134297,-0.238823107,2.66994913,1.318007351,47026
crown heights brooklyn,96.03097656,-0.424865796,7.974884218,1.172401284,47026
crown heights brooklyn,96.62669787,-0.318641678,3.808373658,2.049100604,47026
crown heights brooklyn,98.57919193,-0.230168976,3.258205639,3.787025003,47026
crown heights brooklyn,98.29335885,-0.305763465,6.165380553,1.062474158,47026
crown heights brooklyn,98.28443614,-0.162549335,5.994021705,3.290015743,47026
crown heights brooklyn,99.90111459,-0.079935414,8.061741077,3.542136736,47026
crown heights brooklyn,96.7118216,-0.373195606,10.58687533,6.212442886,47026
crown heights brooklyn,98.89430382,-0.323811279,8.34566445,2.319258709,47026
crown heights brooklyn,99.53148699,-0.228947696,8.612979658,2.355383145,47026
crown heights brooklyn,98.46901858,-0.099147375,5.785953168,3.43146708,47026
crown heights brooklyn,98.69869745,-0.292130614,2.220421951,3.030362593,47026
crown heights brooklyn,98.80440591,-0.163671136,8.268962224,6.177177728,47026
crown heights brooklyn,98.37584946,-0.265462831,6.691521253,4.248588641,47026
crown heights brooklyn,99.50592459,-0.22484576,2.580368368,1.0062815,47026
crown heights brooklyn,95.99998984,-0.143729459,8.017966366,2.376339063,47026
crown heights brooklyn,99.25057205,-0.331070003,1.769334002,1.79172913,47026
crown heights brooklyn,100.0178051,-0.148852686,8.706647969,4.123637754,47026
crown heights brooklyn,98.90001469,-0.225512008,2.60675229,1.761049625,47026
crown heights brooklyn,97.12217272,-0.217386265,2.351826053,3.864950895,47026
crown heights brooklyn,98.92151762,-0.256235205,9.131237162,5.633542528,47026
crown heights brooklyn,97.89248841,-0.306440762,2.608593158,1.478332299,47026
crown heights brooklyn,98.24002866,-0.356224231,4.236855645,3.057104386,47026
crown heights brooklyn,98.86504966,-0.142895474,5.681981045,4.953032611,47026
crown heights brooklyn,98.62332928,-0.238115447,6.969197738,1.448405248,47026
crown heights brooklyn,98.76051598,-0.302440726,3.229960719,1.554865761,47026
crown heights brooklyn,98.14834733,-0.281160638,9.97684002,3.814547687,47026
crown heights brooklyn,95.11138455,-0.368438921,6.536884388,1.418772832,47026
crown heights brooklyn,99.30405601,-0.184187046,3.957095417,1.130250426,47026
crown heights brooklyn,96.87161661,-0.245701637,4.596703268,1.781983336,47026
crown heights brooklyn,97.73360424,-0.200867708,9.423927307,1.244530222,47026
crown heights brooklyn,97.94272527,-0.275622616,7.055491252,2.331262592,47026
crown heights brooklyn,99.86810765,-0.326804323,9.521684596,1.926540138,47026
crown heights brooklyn,97.09000595,-0.111057517,4.189833702,1.87199283,47026
crown heights brooklyn,98.86947646,-0.294551826,5.758355964,1.936356402,47026
crown heights brooklyn,98.86633661,-0.217529894,8.185157316,1.113716616,47026
crown heights brooklyn,97.92525669,-0.221175563,4.83488385,1.455355969,47026
crown heights brooklyn,96.75822856,-0.226821035,9.776058903,2.181260025,47026
crown heights brooklyn,98.16149603,-0.186082323,7.281711841,3.699572414,47026
crown heights brooklyn,98.24293067,-0.271378392,2.165096543,1.544514642,47026
crown heights brooklyn,96.65735256,-0.239379231,7.963951548,1.290363977,47026
crown heights brooklyn,98.46568361,-0.265920681,2.313873764,2.739551144,47026
crown heights brooklyn,98.85626599,-0.158201265,3.901942655,1.898048503,47026
crown heights brooklyn,98.54540286,-0.202303012,5.451388909,1.31258348,47026
crown heights brooklyn,98.58306262,-0.283380328,5.495344935,5.969530949,47026
crown heights brooklyn,98.38099556,-0.081891786,3.127899054,2.40962418,47026
crown heights brooklyn,100.0753903,-0.213195316,5.211180252,4.719057921,47026
crown heights brooklyn,99.33482638,-0.276665564,7.105110617,1.800271194,47026
crown heights brooklyn,98.70562712,-0.330502465,6.121841852,1.404253324,47026
crown heights brooklyn,98.72151788,-0.191328363,8.378968477,6.062552856,47026
crown heights brooklyn,100.571258,-0.26642242,8.297168273,1.8287414,47026
crown heights brooklyn,99.67056842,-0.294716488,8.64440892,1.883850244,47026
crown heights brooklyn,98.41294439,-0.128241633,9.704275742,1.080630089,47026
crown heights brooklyn,100.4398482,-0.258741856,5.645644205,7.827050164,47026
crown heights brooklyn,99.41820206,-0.195784713,2.729180112,2.028526787,47026
crown heights brooklyn,100.1598639,-0.308579097,5.330587105,3.097098845,47026
crown heights brooklyn,99.11389099,-0.348490526,4.339624768,6.49658707,47026
crown heights brooklyn,99.50247674,-0.208769916,8.036414332,1.402471688,47026
crown heights brooklyn,98.66042178,-0.259109918,5.693846874,1.91550912,47026
crown heights brooklyn,99.90189761,-0.185251537,8.686247807,3.654678844,47026
crown heights brooklyn,100.6669227,-0.278208849,10.33697748,8.718329256,47026
crown heights brooklyn,101.975201,-0.307452275,11.4223175,7.001821335,47026
crown heights brooklyn,100.2907383,-0.046881779,8.153604235,1.333457763,47026
crown heights brooklyn,100.3402922,-0.287001794,11.23544111,1.748397788,47026
crown heights brooklyn,101.0789448,-0.299330717,5.174398833,2.599755396,47026
crown heights brooklyn,101.0478164,-0.277365625,9.976608354,7.451812252,47026
crown heights brooklyn,101.6067793,-0.114683192,7.428162165,1.585387029,47026
crown heights brooklyn,102.3515092,-0.266768177,3.443163421,2.875044493,47026
crown heights brooklyn,99.63759365,-0.359189002,6.471355477,1.202719991,47026
crown heights brooklyn,100.2638998,-0.304014826,2.862078123,5.004544241,47026
crown heights brooklyn,100.3043837,-0.285169422,1.059080672,10.54741737,47026
crown heights brooklyn,101.7994911,-0.33270291,2.004090301,2.170712279,47026
crown heights brooklyn,102.3966601,-0.388464907,0.825333308,9.438647552,47026
crown heights brooklyn,100.5506864,-0.405866069,6.113223891,8.299587096,47026
crown heights brooklyn,99.20640565,-0.403584875,1.458436606,4.748510245,47026
crown heights brooklyn,100.9720407,-0.292676949,2.016158489,2.825313185,47026
crown heights brooklyn,99.10444409,-0.283899106,2.422820203,5.987637468,47026
crown heights brooklyn,100.9682061,-0.243180735,0.195069789,7.271621597,47026
crown heights brooklyn,102.1209029,-0.229103925,7.431119998,1.916276339,47026
crown heights brooklyn,101.6480334,-0.171927364,6.793746689,1.140494575,47026
crown heights brooklyn,101.323599,-0.309099773,4.927547675,3.153675748,47026
crown heights brooklyn,103.2462388,-0.304576055,7.383907851,7.723376644,47026
crown heights brooklyn,103.2894613,-0.337630333,3.266866385,10.82524981,47026
crown heights brooklyn,103.9791875,-0.391166734,6.392166793,9.705794701,47026
crown heights brooklyn,102.8031492,-0.208145067,8.259934438,2.425212789,47026
crown heights brooklyn,101.4465918,-0.321952492,5.639142375,5.952739562,47026
crown heights brooklyn,103.2597792,-0.258960865,3.921808892,5.031042045,47026
crown heights brooklyn,100.9356,-0.323391621,2.369591904,1.524798834,47026
crown heights brooklyn,102.047865,-0.33557922,4.07269235,1.682934027,47026
crown heights brooklyn,103.2826431,-0.319107529,7.107353164,1.339943059,47026
crown heights brooklyn,102.0895705,-0.134054577,5.071806583,3.838905394,47026
crown heights brooklyn,102.7710795,-0.204252079,4.561845003,6.386118444,47026
crown heights brooklyn,103.0516914,-0.326652507,4.464425143,11.31755002,47026
crown heights brooklyn,102.0378013,-0.12849446,1.459934479,5.080705695,47026
crown heights brooklyn,102.0690158,-0.266555008,3.685870177,1.081919195,47026
crown heights brooklyn,102.3277943,-0.293960316,8.230884928,7.604153641,47026
crown heights brooklyn,102.2920643,-0.333568863,2.066614609,8.850452271,47026
crown heights brooklyn,103.4056027,-0.230083905,1.38390612,2.200208241,47026
crown heights brooklyn,103.0186717,-0.368627987,3.524902444,2.512151534,47026
crown heights brooklyn,101.4734321,-0.349149739,4.59597483,8.741888692,47026
crown heights brooklyn,102.6632389,-0.173139467,6.018502566,3.5887379,47026
crown heights brooklyn,104.2489388,-0.094909631,0.376046012,3.324307063,47026
crown heights brooklyn,102.2005118,-0.328142192,6.316281447,6.962786578,47026
crown heights brooklyn,102.9709355,-0.168355311,2.058306364,2.026107501,47026
crown heights brooklyn,101.6547187,-0.274866954,3.48893375,8.607915326,47026
crown heights brooklyn,104.2329335,-0.159779979,3.66680154,11.38304506,47026
crown heights brooklyn,104.2432835,-0.252811838,2.76649902,8.502694747,47026
crown heights brooklyn,102.3067269,-0.112013726,5.334501763,7.088413996,47026
crown heights brooklyn,103.0166962,-0.23582562,1.323255266,1.943811569,47026
crown heights brooklyn,103.7716893,-0.326076,1.661027888,9.216766018,47026
crown heights brooklyn,101.9110101,-0.455917669,6.727501548,2.306644102,47026
crown heights brooklyn,102.724909,-0.284845802,2.951308829,2.331673427,47026
crown heights brooklyn,101.1302086,-0.207127961,4.196884501,8.503699244,47026
crown heights brooklyn,104.0536433,-0.125307166,6.878928035,9.274779067,47026
crown heights brooklyn,103.9549993,-0.165646336,0.229551581,6.918871802,47026
crown heights brooklyn,103.7956125,-0.319454757,0.166042084,1.104259731,47026
crown heights brooklyn,104.1184194,-0.121108877,4.088973835,5.313957233,47026
crown heights brooklyn,104.5258489,-0.312858802,1.255501402,2.77851226,47026
crown heights brooklyn,102.7798023,-0.260170009,4.934862408,10.42791822,47026
crown heights brooklyn,103.6271236,-0.359192054,0.141202612,6.18197854,47026
crown heights brooklyn,106.1646364,-0.333054058,1.176996074,11.10881889,47026
crown heights brooklyn,106.3201792,-0.267513016,0.15501406,1.754667998,47026
crown heights brooklyn,103.9786633,-0.239003999,5.038509505,10.58205478,47026
crown heights brooklyn,104.5759899,-0.155196725,4.645868946,4.103525154,47026
crown heights brooklyn,105.2607258,-0.247005715,4.54985573,2.401783151,47026
crown heights brooklyn,104.8603774,-0.335816445,1.164471913,2.208047138,47026
crown heights brooklyn,105.5229971,-0.322509394,0.188942135,2.333661649,47026
crown heights brooklyn,106.4988639,-0.143004807,8.305207282,7.971758433,47026
crown heights brooklyn,106.2065455,-0.290172191,3.096825907,10.77321658,47026
crown heights brooklyn,108.833708,-0.302359284,8.167505728,5.193880695,47026
crown heights brooklyn,109.4126954,-0.25698537,1.944316562,5.941676342,47026
crown heights brooklyn,108.80034,-0.205039374,7.204799689,1.844725075,47026
crown heights brooklyn,108.1479078,-0.318419008,2.747126958,1.595244767,47026
crown heights brooklyn,108.4447632,-0.276859304,0.625700357,3.690759626,47026
crown heights brooklyn,109.8202253,-0.285887852,7.628794772,10.27281163,47026
crown heights brooklyn,111.6992906,-0.229375961,8.243914346,8.667538187,47026
fordham bronx,80.66269318,0.172498344,21.15365654,4.080590887,55558
fordham bronx,83.3371189,0.116096815,7.163407902,3.130820608,55558
fordham bronx,83.61357381,0.209448754,14.25854734,4.702275349,55558
fordham bronx,82.42669173,0.131290898,15.67478872,3.111994936,55558
fordham bronx,82.52116825,0.274150391,8.771230383,2.170611637,55558
fordham bronx,82.93263511,0.215486182,12.42725743,1.346853349,55558
fordham bronx,84.52541323,0.093851973,4.956680315,2.90267477,55558
fordham bronx,85.10944029,0.093605736,12.84414617,1.183994649,55558
fordham bronx,86.70414873,-0.128625588,23.0495962,1.036950774,55558
fordham bronx,84.68067575,-0.213153221,23.45228721,2.848053839,55558
fordham bronx,84.34935785,0.087452422,8.32751738,1.270608237,55558
fordham bronx,85.00898414,0.124002852,19.61063334,5.555306292,55558
fordham bronx,86.98314149,0.024180195,23.37453881,1.84890516,55558
fordham bronx,86.67888043,-0.266105186,24.19795149,2.61157534,55558
fordham bronx,86.60690523,-0.035629999,19.81173171,4.106209408,55558
fordham bronx,84.88244929,-0.132392286,3.537360022,1.140128671,55558
fordham bronx,85.64266004,0.164739146,8.653685399,3.924083806,55558
fordham bronx,85.93819513,-0.201244854,9.098108867,2.729192126,55558
fordham bronx,86.54353618,-0.056622293,15.73482286,1.450487889,55558
fordham bronx,87.63344897,0.068355989,17.02033272,3.414485913,55558
fordham bronx,87.08152632,0.117790808,17.54052194,1.128751762,55558
fordham bronx,86.61231105,0.027563469,22.44370481,4.919983966,55558
fordham bronx,88.52954998,-0.222731227,20.43413102,1.209497681,55558
fordham bronx,87.60151622,0.094134385,7.77601633,1.337606516,55558
fordham bronx,87.12465698,-0.116990128,17.23312274,3.508942386,55558
fordham bronx,88.32312344,-0.137820974,24.83820705,1.291706145,55558
fordham bronx,88.79121565,-0.047400364,11.55771304,2.797329057,55558
fordham bronx,87.6406113,0.068922406,22.90642337,1.738507712,55558
fordham bronx,88.63670176,-0.1876002,11.65588192,1.932236849,55558
fordham bronx,88.02882608,-0.136404114,19.87895698,1.659470276,55558
fordham bronx,91.87261599,-0.117912428,23.04946928,2.927925028,55558
fordham bronx,87.64017533,-0.171353176,24.31758419,3.091402864,55558
fordham bronx,87.78656738,-0.206646155,22.56794062,1.207562061,55558
fordham bronx,91.13033797,-0.096815189,7.812989725,1.112830861,55558
fordham bronx,92.19342987,-0.404548076,19.19689262,1.87064436,55558
fordham bronx,92.96890351,-0.125362832,5.012088457,1.418300465,55558
fordham bronx,91.31307776,-0.052262452,22.66188895,3.683094804,55558
fordham bronx,90.90336426,-0.231197996,9.908665823,1.532536397,55558
fordham bronx,91.67367334,-0.140791651,7.502153886,2.659952018,55558
fordham bronx,93.50426559,-0.254340947,8.092589715,1.665323186,55558
fordham bronx,92.90933255,-0.195493091,5.52029143,3.425932045,55558
fordham bronx,91.75740345,0.002403181,11.91445627,3.504054141,55558
fordham bronx,91.5763354,-0.305904053,3.425930772,3.779442966,55558
fordham bronx,93.52323753,-0.136051249,22.18744785,3.488124973,55558
fordham bronx,92.90430199,-0.143947504,19.09327277,5.459445019,55558
fordham bronx,92.57605823,-0.163993066,9.795897723,6.497125642,55558
fordham bronx,94.35826003,0.022596167,7.931458629,3.941316212,55558
fordham bronx,90.46059801,-0.202856961,9.196186121,3.794872888,55558
fordham bronx,91.8457732,-0.049893839,11.504435,4.621684734,55558
fordham bronx,92.27071765,-0.320288178,10.46483226,3.033865423,55558
fordham bronx,93.19185192,-0.140263797,25.07254569,2.970644489,55558
fordham bronx,91.82521855,-0.387232526,7.595245128,2.150882891,55558
fordham bronx,93.51389295,-0.33606034,18.53008148,3.388700037,55558
fordham bronx,93.1146244,-0.166319864,8.613883336,1.969588166,55558
fordham bronx,93.2730933,-0.006987375,21.29356697,2.620364809,55558
fordham bronx,93.20362192,-0.205573174,23.34811189,2.917032849,55558
fordham bronx,91.96802246,-0.115258401,15.04747535,2.331952961,55558
fordham bronx,94.0862076,-0.009545098,16.51010303,1.987499066,55558
fordham bronx,93.62510985,-0.216414936,20.32252372,1.181243436,55558
fordham bronx,93.20875563,-0.122497703,19.88956,2.671553693,55558
fordham bronx,95.18132652,-0.126008543,12.68837906,5.562921621,55558
fordham bronx,90.83359895,-0.083001968,20.11122792,1.802093664,55558
fordham bronx,94.90327781,0.002558417,14.86208876,2.974944628,55558
fordham bronx,93.51266407,-0.075487927,12.26865407,1.897140872,55558
fordham bronx,93.68968044,0.072760321,15.29960266,1.342036109,55558
fordham bronx,93.53476981,-0.180948458,9.603857626,4.023907977,55558
fordham bronx,94.04677033,-0.244984613,11.70094379,4.974374565,55558
fordham bronx,94.53256826,-0.025472426,15.15808076,1.416743029,55558
fordham bronx,95.31990658,-0.195875663,12.9736822,3.702427637,55558
fordham bronx,92.22999961,-0.148915309,12.3274069,5.267780973,55558
fordham bronx,94.77808233,-0.244986806,8.639211129,2.348034153,55558
fordham bronx,92.65280378,-0.311042183,13.03690301,3.774164871,55558
fordham bronx,95.01270891,-0.077417684,8.858015416,2.775220972,55558
fordham bronx,93.73847202,-0.344417937,16.68448358,2.710164995,55558
fordham bronx,94.13311103,-0.264383842,9.020678915,3.319126519,55558
fordham bronx,94.23438632,-0.04252582,2.82372363,3.632318763,55558
fordham bronx,96.55416885,-0.306095146,5.946750065,1.853174888,55558
fordham bronx,94.3820898,0.040458835,8.265210801,3.078513063,55558
fordham bronx,95.64933213,-0.160525172,12.96686422,7.464933278,55558
fordham bronx,94.36091382,-0.186588509,16.48490499,3.222754325,55558
fordham bronx,95.4235198,-0.143021375,15.09644469,1.072848114,55558
fordham bronx,95.54297949,-0.208218787,13.74330232,3.297720003,55558
fordham bronx,95.06200456,-0.269459898,9.464323725,6.604183833,55558
fordham bronx,94.81218989,-0.327185372,12.5946169,7.40460405,55558
fordham bronx,95.52891207,-0.174528909,4.045732082,3.568053762,55558
fordham bronx,96.45579205,-0.428981542,3.266293915,1.341454371,55558
fordham bronx,96.48057571,0.05962995,3.616075956,1.930318801,55558
fordham bronx,94.86105896,-0.061922199,14.96204806,2.639784148,55558
fordham bronx,96.3298116,-0.336127873,17.00441731,1.984541542,55558
fordham bronx,94.61346843,-0.17635498,10.00515135,6.450178126,55558
fordham bronx,94.98615383,-0.404580073,16.71119691,5.164573584,55558
fordham bronx,96.96863402,-0.219699107,6.923603114,1.537434734,55558
fordham bronx,98.71617155,-0.215320885,9.443066383,3.806862656,55558
fordham bronx,94.69087045,-0.182371828,5.839095747,2.551946556,55558
fordham bronx,96.7474598,-0.204065566,6.110649073,2.775016696,55558
fordham bronx,95.66179676,-0.058648833,5.835782618,1.122866959,55558
fordham bronx,95.94295137,-0.400026137,13.04401911,7.025393366,55558
fordham bronx,96.49968185,-0.106072272,16.86088573,6.309586777,55558
fordham bronx,92.15517016,-0.258785066,3.863901585,3.198509552,55558
fordham bronx,95.1137124,-0.324435819,3.189487551,1.201907167,55558
fordham bronx,97.27516604,-0.297290976,12.07987895,1.209401747,55558
fordham bronx,96.54172748,-0.274419821,6.53534306,1.002264705,55558
fordham bronx,95.20427445,-0.198571781,15.2804618,3.319646971,55558
fordham bronx,95.11782409,-0.444720733,8.110812541,3.970088681,55558
fordham bronx,98.09707513,-0.236467407,3.746476727,3.962438697,55558
fordham bronx,94.39879346,-0.149527581,13.6269811,4.684518813,55558
fordham bronx,97.47032174,-0.025867513,6.894942984,2.227464561,55558
fordham bronx,97.03917476,-0.314214351,8.276632307,2.947100547,55558
fordham bronx,97.42015378,-0.42095425,16.28222013,3.469761045,55558
fordham bronx,95.03726562,-0.386662841,17.24698178,6.202683649,55558
fordham bronx,98.8284314,-0.149316905,15.99244279,5.807430101,55558
fordham bronx,95.31019582,-0.35652779,4.055741457,2.759103715,55558
fordham bronx,97.33201696,-0.242320739,17.15818313,2.653606229,55558
fordham bronx,97.34559583,-0.404754404,8.358491116,2.094717317,55558
fordham bronx,96.33495163,-0.374041342,8.665443894,5.064136393,55558
fordham bronx,96.33812061,-0.258052296,10.36141386,6.495167645,55558
fordham bronx,98.84169521,-0.27335077,3.309829713,5.610038632,55558
fordham bronx,96.71714827,-0.209111128,9.657419892,3.686778623,55558
fordham bronx,97.83777435,-0.291803041,9.694431433,4.684902396,55558
fordham bronx,97.24943698,-0.112070454,6.743042203,5.395589765,55558
fordham bronx,97.71810588,-0.380876297,6.400956895,2.463828722,55558
fordham bronx,99.10679424,-0.14080995,3.007143708,6.38484116,55558
fordham bronx,94.59530201,-0.217169285,5.717829291,7.365987557,55558
fordham bronx,100.5840296,-0.187092912,8.185243853,9.243865944,55558
fordham bronx,97.20094708,-0.119526165,2.459408117,5.441581019,55558
fordham bronx,100.3469151,-0.1161027,4.785481288,8.333477557,55558
fordham bronx,95.1159155,-0.131681552,5.579313787,3.794889774,55558
fordham bronx,96.27990586,-0.295229646,6.48395881,6.687043086,55558
fordham bronx,97.50143546,-0.342700818,3.630727399,2.328997746,55558
fordham bronx,97.94210627,-0.289125474,4.392408717,2.045945777,55558
fordham bronx,98.23498954,-0.189473223,0.495220839,2.761518347,55558
fordham bronx,97.35136302,-0.163785073,7.619011847,6.393150832,55558
fordham bronx,98.23831579,-0.223605309,3.046381834,1.177656913,55558
fordham bronx,96.78799424,-0.295959891,8.910310049,1.900765898,55558
fordham bronx,96.44339758,-0.234004914,1.047093651,1.538590917,55558
fordham bronx,98.19920644,-0.381636777,1.858716043,1.683373222,55558
fordham bronx,96.69187114,-0.099588025,2.181870425,1.098612897,55558
fordham bronx,98.38453457,-0.31693684,6.378855561,5.155362304,55558
fordham bronx,98.709469,-0.287200466,8.970110377,2.398915018,55558
fordham bronx,99.64612765,-0.445604837,3.018457233,1.66319738,55558
fordham bronx,97.93637521,-0.21470829,9.500286299,1.627873387,55558
fordham bronx,99.12276746,-0.180104268,9.276289683,5.563109134,55558
fordham bronx,97.42847328,-0.333832223,7.583105804,1.498998478,55558
fordham bronx,99.55268057,-0.154493966,5.181047476,5.23268724,55558
fordham bronx,96.4305675,0.047510619,3.749998624,1.927619288,55558
fordham bronx,99.40657333,-0.350631582,4.103850904,4.080613456,55558
fordham bronx,98.26146474,-0.182255664,4.275499435,2.006954234,55558
fordham bronx,99.83674224,-0.139837469,8.720715658,2.20655298,55558
fordham bronx,97.6315845,-0.343942637,1.703031542,2.275671688,55558
fordham bronx,99.73383761,-0.379347215,1.631971327,3.632430918,55558
fordham bronx,99.47936475,-0.177426775,9.284691519,5.148097188,55558
fordham bronx,101.5623755,-0.220074688,3.540253034,10.18887382,55558
fordham bronx,99.21613149,-0.028788424,0.67493835,3.916111163,55558
fordham bronx,98.93659599,-0.226674766,9.320083195,1.479561208,55558
fordham bronx,98.35968305,-0.113358555,0.796347847,1.06174033,55558
fordham bronx,98.96415645,-0.308392792,6.660249515,2.406281256,55558
fordham bronx,98.86225037,-0.434988527,8.346157851,2.748012475,55558
fordham bronx,98.52146822,-0.227961082,0.403103067,2.539007211,55558
fordham bronx,98.66287526,-0.193982042,9.238699537,2.813757714,55558
fordham bronx,96.09752553,-0.154217945,7.626807366,3.12237662,55558
fordham bronx,98.86153433,-0.404630308,5.575460882,5.809235235,55558
fordham bronx,100.8023132,-0.225927073,5.717741558,3.553664899,55558
fordham bronx,100.9836939,-0.107693792,1.7741739,11.62511507,55558
fordham bronx,100.1899085,-0.298592416,9.882536847,10.61504094,55558
fordham bronx,101.0364656,0.063445659,3.20763001,3.814436924,55558
fordham bronx,97.90591471,-0.36813771,2.036282534,5.227270915,55558
fordham bronx,100.7927211,-0.223439962,1.61360014,10.06761829,55558
fordham bronx,102.4871172,-0.36991737,1.95569525,8.729792179,55558
fordham bronx,101.4326921,-0.294955023,0.71631843,1.770771027,55558
fordham bronx,98.52793875,-0.344546174,3.707669092,3.58445393,55558
fordham bronx,102.610277,-0.367493693,6.994076363,11.52164706,55558
fordham bronx,102.1366435,-0.329044544,0.490958732,8.180656705,55558
fordham bronx,101.4282168,-0.416126026,4.109866046,2.87298294,55558
fordham bronx,102.0642443,-0.239153436,1.223952075,8.529202825,55558
fordham bronx,100.9204334,-0.29208342,7.093742698,3.938299555,55558
fordham bronx,102.4269724,-0.199882681,2.045149085,3.336467872,55558
fordham bronx,102.4137625,-0.340192802,2.559490036,3.400021384,55558
fordham bronx,102.8931083,-0.35105985,1.580007038,9.242283661,55558
fordham bronx,99.44971851,-0.280596757,3.437770267,1.537757503,55558
fordham bronx,100.5011802,-0.481463811,3.513201758,6.015286805,55558
fordham bronx,103.5607523,-0.244091312,6.256798919,3.195081858,55558
fordham bronx,102.6678434,-0.339673073,3.682644395,10.25933491,55558
fordham bronx,102.9091726,-0.426462343,6.694676811,10.72567873,55558
fordham bronx,101.772899,-0.335766654,4.431089419,11.22359511,55558
fordham bronx,103.105736,-0.303651001,1.175065779,10.58144793,55558
fordham bronx,103.200743,-0.265523731,3.510193714,8.876077035,55558
fordham bronx,101.7488519,-0.309433367,2.127483675,3.451001214,55558
fordham bronx,101.5253781,-0.40334909,3.558326044,2.45857876,55558
fordham bronx,101.4975438,-0.161014473,2.852471905,9.073876786,55558
fordham bronx,102.5220245,-0.367389323,1.839153066,3.942737113,55558
fordham bronx,102.0378786,-0.190664427,4.221243187,7.211305174,55558
fordham bronx,102.2068208,-0.227114918,0.881764763,2.009000108,55558
fordham bronx,105.0978231,-0.249420826,4.859211564,3.37859197,55558
fordham bronx,103.1580188,-0.245970783,4.912040582,4.702691891,55558
fordham bronx,102.6459166,-0.328379205,4.043512293,11.08868406,55558
fordham bronx,103.6431152,-0.311256797,7.230722498,6.809934776,55558
fordham bronx,104.1796998,-0.409923917,2.661707766,8.535813749,55558
fordham bronx,103.8518279,-0.22300279,2.561762177,6.305976925,55558
fordham bronx,103.9922897,-0.257652742,2.361705161,5.805135574,55558
fordham bronx,103.7815888,-0.385891667,3.439183193,3.22716399,55558
fordham bronx,106.0684777,-0.395724536,3.327558557,9.081366783,55558
fordham bronx,102.6612978,-0.164552457,4.82610899,6.824759632,55558
fordham bronx,105.1553779,-0.289669492,3.857107059,10.58304952,55558
fordham bronx,104.1098708,-0.221896604,4.981172266,6.814105371,55558
fordham bronx,105.0910685,-0.109058865,2.978786297,11.63564161,55558
fordham bronx,103.9133449,-0.225708236,4.933351008,9.493748284,55558
fordham bronx,105.0272217,-0.148234093,2.187923828,9.389842225,55558
fordham bronx,103.7569711,-0.273583572,6.892056093,5.316885402,55558
fordham bronx,104.6360526,-0.309429873,4.758500389,3.563109636,55558
fordham bronx,104.9150376,-0.244723941,0.017163299,7.400355695,55558
fordham bronx,108.7541779,-0.464728695,4.74866225,11.55829531,55558
lower manhattan east,89.63740112,-0.135806957,7.629440417,7.215603104,44244
lower manhattan east,90.33669532,0.034824236,19.95238439,5.227761976,44244
lower manhattan east,92.02565693,-0.326278025,17.45277263,4.005522634,44244
lower manhattan east,89.60384835,-0.213818315,10.05254596,1.837173898,44244
lower manhattan east,91.89007973,-0.288315049,11.33676258,6.724752529,44244
lower manhattan east,88.84161271,-0.103738935,10.0160452,3.90232151,44244
lower manhattan east,92.04967205,-0.078389572,23.56780003,9.455406774,44244
lower manhattan east,90.14919864,-0.206681881,15.99093048,9.956433525,44244
lower manhattan east,91.29397093,-0.193514065,14.91974901,5.039482916,44244
lower manhattan east,93.70332372,-0.231112129,10.95068019,2.989294339,44244
lower manhattan east,92.88379175,-0.268799418,11.58776697,10.2381374,44244
lower manhattan east,94.23227549,-0.239854079,22.55894578,6.982030568,44244
lower manhattan east,92.11078446,-0.271835859,15.51804755,11.3453788,44244
lower manhattan east,92.82592047,-0.334379676,8.507711589,4.126763113,44244
lower manhattan east,90.97353898,-0.257864197,15.0544598,7.210947029,44244
lower manhattan east,91.5830629,-0.299442703,19.91497021,5.641153804,44244
lower manhattan east,92.878921,-0.362424108,14.13008298,4.650857706,44244
lower manhattan east,92.70731445,-0.276797698,15.15232617,6.844910739,44244
lower manhattan east,92.71575045,-0.282066668,6.610564279,1.653997341,44244
lower manhattan east,92.22671101,-0.266910173,18.15416008,2.20383756,44244
lower manhattan east,91.84322116,0.006613526,24.90490887,2.658160897,44244
lower manhattan east,92.16526174,-0.24210978,23.3771035,6.291043371,44244
lower manhattan east,94.27924621,-0.103928438,12.7962438,6.129430263,44244
lower manhattan east,91.76305679,-0.343321283,9.017249432,11.16622124,44244
lower manhattan east,95.38367065,-0.184595099,23.65599918,11.52868629,44244
lower manhattan east,92.85168448,-0.252594178,17.95756028,7.408037132,44244
lower manhattan east,93.72125367,-0.046614281,24.92115339,3.953047267,44244
lower manhattan east,92.9313975,-0.151880782,7.129758956,4.864633858,44244
lower manhattan east,91.45261042,-0.140383644,16.70992356,10.60412575,44244
lower manhattan east,94.19976322,-0.236581563,15.79605561,4.435382343,44244
lower manhattan east,93.77287068,-0.057104699,16.89410046,10.41290286,44244
lower manhattan east,92.77740392,-0.258067622,4.962811294,9.693705837,44244
lower manhattan east,93.25897937,-0.291547397,18.23871977,5.248639303,44244
lower manhattan east,94.35752366,-0.079427973,21.73952768,9.169828435,44244
lower manhattan east,93.68868939,-0.31062068,13.35327562,3.960077512,44244
lower manhattan east,91.79767315,-0.202594318,6.286613057,1.634996317,44244
lower manhattan east,93.94538816,-0.183481284,21.22257092,8.688508781,44244
lower manhattan east,93.83838057,-0.257487108,13.40838719,3.343937088,44244
lower manhattan east,95.99946262,-0.178604324,10.68625055,4.567059165,44244
lower manhattan east,94.13721247,-0.278485857,7.01326138,2.156969436,44244
lower manhattan east,92.9076994,-0.303437909,12.452911,10.52441075,44244
lower manhattan east,94.37939145,-0.170968723,2.982408898,8.2478876,44244
lower manhattan east,94.93830985,-0.206902262,4.624817581,3.118807291,44244
lower manhattan east,93.99533608,-0.27492015,8.592006889,3.228653324,44244
lower manhattan east,95.60475983,-0.187560335,14.57584272,10.86426866,44244
lower manhattan east,96.2353833,-0.315123559,5.890531381,2.173558882,44244
lower manhattan east,97.06246523,-0.44748775,10.18570632,4.390698881,44244
lower manhattan east,96.28033145,-0.318940716,15.15947573,3.761017578,44244
lower manhattan east,95.20385491,-0.079148818,5.826285906,10.53744907,44244
lower manhattan east,94.16827903,-0.381830781,14.88320863,9.101106531,44244
lower manhattan east,96.02159025,-0.437420257,3.008814152,5.489027465,44244
lower manhattan east,96.79519834,-0.269229555,9.737237505,5.349488147,44244
lower manhattan east,95.32056397,-0.404645219,14.56930841,8.872538721,44244
lower manhattan east,94.33166886,-0.232818202,14.87486844,1.318140728,44244
lower manhattan east,95.68395132,-0.339928607,9.469838662,1.091832801,44244
lower manhattan east,94.73380561,-0.329057601,7.731014893,2.605960496,44244
lower manhattan east,96.91017616,-0.37259787,4.885881399,8.5670298,44244
lower manhattan east,96.41558031,-0.315457323,3.030975286,11.25509929,44244
lower manhattan east,95.45377792,-0.266382013,9.237332163,7.443800852,44244
lower manhattan east,95.91855461,-0.359354058,9.199377366,1.646465553,44244
lower manhattan east,96.76186759,-0.371515012,11.21566639,3.762565791,44244
lower manhattan east,96.7987337,-0.410572933,15.16415067,9.953661283,44244
lower manhattan east,95.31710877,-0.346273579,10.03008902,1.151186698,44244
lower manhattan east,96.88159915,-0.209025511,14.52923794,6.893373807,44244
lower manhattan east,97.06353183,-0.274069001,8.976480167,7.422252482,44244
lower manhattan east,98.51533048,-0.287470936,12.52217935,4.413166632,44244
lower manhattan east,98.7243006,-0.355664914,14.56219643,11.68109058,44244
lower manhattan east,95.67979228,-0.255456591,16.9152477,11.32147548,44244
lower manhattan east,96.98052374,-0.301051948,3.52339817,4.501811238,44244
lower manhattan east,97.18979671,-0.341920023,5.818778627,3.478677342,44244
lower manhattan east,99.20841442,-0.374401746,2.950744442,11.97529088,44244
lower manhattan east,97.78162701,-0.378630793,6.453457076,9.321125152,44244
lower manhattan east,97.76872933,-0.37649495,10.78705519,4.233981543,44244
lower manhattan east,98.54446077,-0.282670691,4.065518879,4.409430767,44244
lower manhattan east,98.14070852,-0.393075944,3.554909426,7.804139064,44244
lower manhattan east,95.85057805,-0.27162348,8.180581708,3.397599248,44244
lower manhattan east,99.58841564,-0.486779069,9.1409241,10.42619413,44244
lower manhattan east,97.67157135,-0.227044966,10.12232973,3.995873322,44244
lower manhattan east,100.1810378,-0.36755901,5.354782242,8.061670527,44244
lower manhattan east,99.42584368,-0.428844624,7.882016177,5.585141598,44244
lower manhattan east,95.89199656,-0.435082904,9.314067465,5.142377967,44244
lower manhattan east,99.09743719,-0.450416396,7.092160724,11.22092977,44244
lower manhattan east,97.40788418,-0.514982526,10.66226274,3.321729511,44244
lower manhattan east,96.83479551,-0.5922354,1.673532097,9.231029959,44244
lower manhattan east,99.07653548,-0.418143049,9.482325077,2.278619798,44244
lower manhattan east,98.87251411,-0.22452272,6.772092862,11.97494988,44244
lower manhattan east,97.74671333,-0.49157617,9.591456656,7.445069786,44244
lower manhattan east,98.89192857,-0.22149287,1.009977156,9.46076944,44244
lower manhattan east,99.91700814,-0.356184807,2.031870416,10.98861839,44244
lower manhattan east,98.55577815,-0.403813399,9.417895236,7.910729839,44244
lower manhattan east,97.51183229,-0.29910352,5.913575561,7.869300857,44244
lower manhattan east,98.93582878,-0.251949603,2.644655131,7.489587549,44244
lower manhattan east,99.20472464,-0.349666125,7.690051651,2.900034397,44244
lower manhattan east,99.79379253,-0.398632874,4.169396604,4.761405542,44244
lower manhattan east,96.49373104,-0.373367862,3.217624071,1.203776699,44244
lower manhattan east,99.1067143,-0.253848993,3.904953496,10.62452889,44244
lower manhattan east,100.193235,-0.304003508,3.182005402,5.546037205,44244
lower manhattan east,100.6330434,-0.394661335,10.253577,6.966150566,44244
lower manhattan east,97.81808954,-0.414398924,9.638194956,9.878655013,44244
lower manhattan east,99.20556845,-0.366709618,9.655222925,6.354212608,44244
lower manhattan east,97.32486314,-0.338679004,1.158655211,11.48023919,44244
lower manhattan east,97.96356319,-0.274282559,2.318233442,7.594253985,44244
lower manhattan east,98.27888407,-0.45528531,9.104963785,8.913754971,44244
lower manhattan east,100.1839979,-0.371109096,10.17242889,11.04366057,44244
lower manhattan east,99.33689539,-0.448261888,8.71155064,1.749865056,44244
lower manhattan east,101.0684063,-0.440404513,1.99601408,11.15671181,44244
lower manhattan east,100.3046368,-0.439036902,4.512375459,12.13110793,44244
lower manhattan east,101.2493552,-0.429409392,4.820377602,12.15363215,44244
lower manhattan east,100.6044523,-0.460837332,7.114078425,14.63710132,44244
lower manhattan east,102.196,-0.425493573,4.873391062,16.88177528,44244
lower manhattan east,102.8492508,-0.36341251,1.295123752,8.615469486,44244
lower manhattan east,98.7302764,-0.457961882,6.446072563,2.580313438,44244
lower manhattan east,103.8252023,-0.457286271,3.943381889,6.864835661,44244
lower manhattan east,104.2523886,-0.376082634,3.193802642,12.89811962,44244
lower manhattan east,100.5804904,-0.546380481,4.919870343,14.57177591,44244
lower manhattan east,103.6151606,-0.559431263,4.789066226,6.262770661,44244
lower manhattan east,105.0633466,-0.488786115,7.216591531,11.42957366,44244
maspeth queens,81.4563377,0.264235254,8.770430604,2.745993504,27155
maspeth queens,81.43554986,0.170034191,17.23378196,3.289031254,27155
maspeth queens,82.96327573,0.274879392,7.721890721,1.330140271,27155
maspeth queens,83.75473625,-0.081961341,21.43544213,2.353760205,27155
maspeth queens,83.98247918,0.055291439,24.60112189,2.817230245,27155
maspeth queens,82.92225892,0.254512352,19.58959945,1.097395828,27155
maspeth queens,83.20475957,0.084832878,17.40298561,1.598828319,27155
maspeth queens,83.40751728,0.25517937,25.44059769,1.760143713,27155
maspeth queens,84.2064992,0.195370466,25.01060222,1.202013088,27155
maspeth queens,83.19941514,0.131155981,22.12718276,2.364918236,27155
maspeth queens,85.02472574,0.180164612,10.76772298,1.787024787,27155
maspeth queens,83.70781988,0.048739326,16.1855568,2.271348591,27155
maspeth queens,84.96516383,0.296356393,12.97165809,1.857743516,27155
maspeth queens,85.92073158,-0.080354191,6.64639508,4.865934047,27155
maspeth queens,84.86033915,-0.033439207,15.73025981,1.784401247,27155
maspeth queens,86.53817784,0.020265692,22.98619388,1.044614766,27155
maspeth queens,85.64852818,0.103026886,19.95673183,1.189941772,27155
maspeth queens,87.50680476,0.149811091,23.2619138,2.252084051,27155
maspeth queens,87.19067244,0.095592129,20.11288734,1.300790938,27155
maspeth queens,87.34970133,0.037307914,6.02436594,1.631071853,27155
maspeth queens,87.95658688,0.032751705,5.287797883,3.563441048,27155
maspeth queens,86.12590778,0.06435471,6.676294901,1.197192973,27155
maspeth queens,88.8026083,-0.019977732,4.554843431,2.467379136,27155
maspeth queens,86.90786387,0.294541171,7.395637267,1.990950528,27155
maspeth queens,88.97340319,-0.031643675,25.50213708,3.892201607,27155
maspeth queens,87.91685901,-0.005018443,10.16488577,1.313144764,27155
maspeth queens,86.88479585,0.024423153,7.901073501,1.87710202,27155
maspeth queens,90.18446756,0.07415862,10.14032682,2.239732678,27155
maspeth queens,88.30802465,0.094338359,19.52494621,1.609184868,27155
maspeth queens,87.55447052,-0.054149377,25.07491419,1.303005072,27155
maspeth queens,89.14507491,0.063915819,17.04155285,1.47149674,27155
maspeth queens,89.7552404,-0.122837018,13.05551305,2.646280974,27155
maspeth queens,90.70037844,-0.115479929,8.561622783,1.821506333,27155
maspeth queens,89.78572402,0.07382332,19.76033842,1.170993688,27155
maspeth queens,90.09727296,-0.2475948,6.971825195,6.940552993,27155
maspeth queens,87.76087668,0.094922347,6.422984132,1.945821505,27155
maspeth queens,88.85765099,-0.099010458,26.21344775,3.809282375,27155
maspeth queens,91.23799566,-0.227750904,14.55364458,4.528124043,27155
maspeth queens,90.33849543,-0.146273576,13.50199249,1.806206769,27155
maspeth queens,89.98184211,0.242608712,9.697023574,1.766973236,27155
maspeth queens,88.58122314,-0.048564138,19.97339944,3.07917759,27155
maspeth queens,91.46033147,0.130889837,9.429862621,1.765441113,27155
maspeth queens,90.88804656,-0.140329208,10.50948065,2.217047263,27155
maspeth queens,91.58363394,-0.326130323,20.49108462,1.148260715,27155
maspeth queens,89.65199635,-0.039107231,19.93797481,1.864333141,27155
maspeth queens,88.35937729,-0.161024877,12.29846576,3.941395786,27155
maspeth queens,89.46394635,-0.085514897,23.28756446,1.943492269,27155
maspeth queens,90.79107568,-0.058687615,17.26026947,2.595801191,27155
maspeth queens,90.39573298,-0.274028924,16.32661639,1.660918731,27155
maspeth queens,91.38798257,-0.076667775,19.04785454,5.898460584,27155
maspeth queens,91.17538525,-0.109712811,11.84724836,3.465488808,27155
maspeth queens,91.12943116,-0.084868129,14.13472336,1.436403074,27155
maspeth queens,89.66877831,0.091970908,8.148040543,1.734848105,27155
maspeth queens,90.12257906,-0.278770521,15.84625537,6.576993414,27155
maspeth queens,91.23211722,-0.161838285,6.586381476,3.318325554,27155
maspeth queens,91.49452439,-0.133785656,6.868157501,3.304044108,27155
maspeth queens,91.32306427,0.023167373,13.20814477,2.043853185,27155
maspeth queens,90.86348055,-0.069157949,17.67433015,3.487845071,27155
maspeth queens,91.84373237,-0.295341685,22.23771672,1.223738357,27155
maspeth queens,91.01517145,0.015282334,19.70337342,3.272814486,27155
maspeth queens,92.50181738,-0.092479185,23.50614682,5.886484167,27155
maspeth queens,92.02031227,-0.217772231,7.313300654,3.453660228,27155
maspeth queens,92.2330136,-0.030849087,15.0458455,6.259114749,27155
maspeth queens,93.8768341,-0.249031231,25.9479233,2.252789478,27155
maspeth queens,94.27785978,-0.086424088,26.42201651,3.800240631,27155
maspeth queens,90.95059889,-0.164324283,24.65996695,2.699379854,27155
maspeth queens,93.2369795,0.013172171,26.07523443,3.04821852,27155
maspeth queens,90.89082817,-0.081820175,22.51703419,3.872988119,27155
maspeth queens,92.65490124,-0.337654802,8.376920569,2.06834247,27155
maspeth queens,90.94435352,-0.141966849,12.51035475,2.692065365,27155
maspeth queens,91.97836214,-0.330560407,12.99153824,5.80112802,27155
maspeth queens,91.85048017,-0.192403901,15.62726507,1.724769206,27155
maspeth queens,93.57046135,-0.028181737,5.814439255,1.83359989,27155
maspeth queens,92.36615422,-0.175807322,10.86865758,2.174851515,27155
maspeth queens,92.0813632,0.030856838,22.00773668,3.321586493,27155
maspeth queens,93.00067647,-0.085472169,22.34767402,1.838700061,27155
maspeth queens,91.05383768,-0.142073018,8.37645918,1.76165618,27155
maspeth queens,92.4408942,0.017211351,21.5393396,1.651681754,27155
maspeth queens,92.65547408,0.175914921,6.348349417,1.26230545,27155
maspeth queens,91.02019867,-0.188907109,8.283774262,1.772013301,27155
maspeth queens,92.72478692,-0.093697541,19.05179269,5.462908149,27155
maspeth queens,91.25051781,-0.2742119,8.380496254,3.092648445,27155
maspeth queens,93.02287464,0.09837659,24.69590713,2.610422341,27155
maspeth queens,92.46791092,-0.158312077,10.81277014,1.425593616,27155
maspeth queens,93.19022959,-0.055650638,10.41379429,4.472270895,27155
maspeth queens,93.08774671,-0.100778708,22.41629464,5.343982923,27155
maspeth queens,94.17796542,-0.139135175,17.17197974,5.556002125,27155
maspeth queens,91.61305011,-0.070335402,7.150090714,4.909332087,27155
maspeth queens,92.03386862,-0.057585705,8.098613783,3.979701353,27155
maspeth queens,92.18000908,-0.240002809,16.18049457,3.678179705,27155
maspeth queens,92.92208527,-0.253736559,19.15242056,1.730250592,27155
maspeth queens,91.96961732,-0.24700461,25.90306664,6.942127652,27155
maspeth queens,94.19586506,-0.220119471,7.603074675,4.476178438,27155
maspeth queens,94.66066733,-0.011799519,13.48216143,6.055265293,27155
maspeth queens,94.0705251,-0.339195973,26.30980796,4.444432611,27155
maspeth queens,92.70996253,-0.086282495,23.23402297,2.251204247,27155
maspeth queens,93.35972253,-0.245407223,25.95218626,3.057207349,27155
maspeth queens,92.684098,-0.10025407,21.78431024,2.989971629,27155
maspeth queens,95.2429259,-0.252233151,23.10872557,2.101132445,27155
maspeth queens,95.44598224,-0.198055495,26.18294974,3.589851178,27155
maspeth queens,92.81923274,-0.122149633,9.939682758,2.368046988,27155
maspeth queens,94.21237385,-0.123549436,26.07395443,3.510461569,27155
maspeth queens,92.72211758,-0.093129939,24.81865911,2.571807206,27155
maspeth queens,94.68547726,-0.032394946,6.633636942,4.945934097,27155
maspeth queens,91.05299823,-0.147726947,18.23342754,2.60955956,27155
maspeth queens,92.20081164,-0.155036466,16.60409914,3.632813388,27155
maspeth queens,95.98468931,0.107570005,11.66320373,2.962635938,27155
maspeth queens,92.68844999,-0.235779988,12.59068878,1.492606901,27155
maspeth queens,94.30293015,-0.037469742,9.104476016,2.023698295,27155
maspeth queens,95.65069248,-0.042475287,16.75425001,3.192672862,27155
maspeth queens,92.51793766,-0.094237833,4.511066787,2.596722854,27155
maspeth queens,94.95543304,-0.230896019,17.72426433,2.299969364,27155
maspeth queens,94.65150089,-0.08856565,11.38963382,5.719417231,27155
maspeth queens,94.49381852,-0.045418707,3.748156096,1.846590101,27155
maspeth queens,92.359323,-0.080956792,17.77505,1.249182934,27155
maspeth queens,92.88628,0.031090909,13.78768657,3.799013318,27155
maspeth queens,96.44667319,-0.215660258,12.42285749,5.851769087,27155
maspeth queens,93.89096095,0.13170423,8.923819418,6.55537072,27155
maspeth queens,94.12899825,-0.330088032,14.30249249,3.416724949,27155
maspeth queens,94.68481174,-0.330920135,13.76218832,4.216748459,27155
maspeth queens,94.48365677,-0.149215944,8.066888713,1.279115092,27155
maspeth queens,96.75455743,-0.310366718,14.2349239,1.638127615,27155
maspeth queens,94.42040638,-0.106751183,3.531820195,2.669408648,27155
maspeth queens,95.47970529,-0.17916011,11.48731682,2.875869634,27155
maspeth queens,93.22497562,-0.071270049,17.18538364,2.02922834,27155
maspeth queens,95.53483278,-0.310602122,5.000839407,2.362520187,27155
maspeth queens,95.33411128,-0.158597175,11.67955748,6.464747672,27155
maspeth queens,94.88898005,-0.261154567,10.53319232,6.732375879,27155
maspeth queens,95.39949305,0.02625565,14.77991782,6.809427666,27155
maspeth queens,94.98625506,-0.131454064,12.03001361,2.842301405,27155
maspeth queens,93.28824922,-0.269041875,5.900890758,3.282311036,27155
maspeth queens,96.2384,-0.340488278,7.514746135,4.825979462,27155
maspeth queens,95.65050397,-0.139026429,11.16434292,1.635050041,27155
maspeth queens,94.52442088,-0.220705205,3.826994496,1.953135041,27155
maspeth queens,95.96195931,-0.245136186,10.50786514,1.266299214,27155
maspeth queens,96.67198311,-0.157877889,9.08659025,1.636757135,27155
maspeth queens,97.51956141,-0.16487215,18.33541012,2.933067656,27155
maspeth queens,96.96283719,-0.310738542,7.349757081,3.578682172,27155
maspeth queens,96.26670574,-0.092054244,5.99500533,5.602216305,27155
maspeth queens,96.11103874,-0.284611395,5.287131828,3.65121934,27155
maspeth queens,95.65039271,-0.006789924,9.282532789,3.730291614,27155
maspeth queens,94.90544271,-0.375491166,3.835786843,6.907496456,27155
maspeth queens,96.56558629,-0.310616271,16.83096043,3.549015143,27155
maspeth queens,97.23526092,-0.320999666,7.999749148,3.639245332,27155
maspeth queens,97.14426757,-0.238920242,6.828604072,1.145730913,27155
maspeth queens,96.3362382,-0.272246366,8.614984158,3.123020396,27155
maspeth queens,96.88668118,-0.346467612,13.89295327,1.748322356,27155
maspeth queens,95.91722698,-0.22442505,11.38523179,1.61529399,27155
maspeth queens,96.66096311,-0.342131423,5.073131244,3.409536134,27155
maspeth queens,96.04175534,-0.245921777,17.22265253,3.746565023,27155
maspeth queens,97.69543073,-0.212780402,7.432712012,2.574315569,27155
maspeth queens,95.15815066,-0.28308295,5.033682871,5.144993768,27155
maspeth queens,93.8496073,-0.205102014,7.336475704,2.931614052,27155
maspeth queens,96.71910107,-0.152490959,5.343226625,1.189025632,27155
maspeth queens,97.39115413,-0.223591139,12.99569369,6.988850352,27155
maspeth queens,97.28005488,-0.191906096,9.543912828,2.742577591,27155
maspeth queens,98.17869031,-0.210598959,10.96494202,3.683149236,27155
maspeth queens,96.77956238,-0.33772081,13.46598415,1.186196662,27155
maspeth queens,96.59921107,-0.310490132,10.45627872,1.460014845,27155
maspeth queens,99.30756605,-0.274628513,7.672408242,2.430905789,27155
maspeth queens,96.03037372,-0.390633144,16.87367866,3.468159558,27155
maspeth queens,95.90223201,-0.262458183,7.861951058,1.050804054,27155
maspeth queens,97.60808595,-0.424108522,17.11310599,2.201393694,27155
maspeth queens,98.66457153,-0.268899935,17.90280138,3.353872359,27155
maspeth queens,98.36528689,-0.169860777,5.105773696,1.972380421,27155
maspeth queens,98.1760747,-0.181720275,4.379057829,4.452855152,27155
maspeth queens,99.0211334,-0.103012528,3.175525222,1.557300642,27155
maspeth queens,97.35256252,-0.346889725,6.749537479,3.671373552,27155
maspeth queens,96.86153907,-0.355932921,5.126020341,3.599255084,27155
maspeth queens,97.07292671,-0.176674888,8.710601096,5.85335858,27155
maspeth queens,97.33968857,-0.136706143,5.912273103,2.64986906,27155
maspeth queens,97.74219905,-0.334970372,11.06553312,2.788370704,27155
maspeth queens,99.22684631,-0.268991189,5.973062085,2.459862537,27155
maspeth queens,96.82178773,-0.222544192,2.460322507,2.984585472,27155
maspeth queens,97.11121521,-0.27130765,8.797228908,4.930045149,27155
maspeth queens,96.77902206,-0.321302861,6.437449587,3.568793706,27155
maspeth queens,97.20513023,-0.248942159,2.377328294,4.646581765,27155
maspeth queens,97.92285067,-0.220988228,6.932165416,1.032955333,27155
maspeth queens,96.51456277,-0.378217323,7.460280856,1.053839206,27155
maspeth queens,98.67343565,-0.306598915,2.94558683,1.978605658,27155
maspeth queens,96.69123892,-0.080942277,8.706602914,1.527263385,27155
maspeth queens,96.73146525,-0.17145579,5.530340679,1.95592435,27155
maspeth queens,97.26684098,-0.267056133,9.788491175,1.00764691,27155
maspeth queens,98.97739692,-0.329897928,6.392840814,1.097163561,27155
maspeth queens,96.60404468,-0.320837394,7.188775764,2.809876055,27155
maspeth queens,97.78443101,-0.169939362,2.215602499,1.77961499,27155
maspeth queens,99.11471556,-0.25935944,2.980056231,2.588588531,27155
maspeth queens,100.4589536,-0.37574158,5.086993434,10.9502472,27155
maspeth queens,96.87753365,-0.135338779,3.609676255,1.97184976,27155
maspeth queens,95.39741893,-0.273211094,3.505026629,1.115540881,27155
maspeth queens,99.65970582,-0.211672902,9.269880644,5.162188815,27155
maspeth queens,96.79107396,-0.188088,8.809716216,2.737438656,27155
maspeth queens,98.46900969,-0.280989356,4.14696002,5.933487083,27155
maspeth queens,98.25118739,-0.409773319,6.236594553,2.314174429,27155
maspeth queens,99.02044363,-0.209692333,3.291398712,1.897891552,27155
maspeth queens,100.0196145,-0.113501307,2.948711541,1.158109518,27155
maspeth queens,99.39767596,-0.185146324,10.5321961,3.06733346,27155
maspeth queens,99.6655163,-0.128342419,9.757941443,1.82491537,27155
maspeth queens,100.649177,-0.31527596,1.621370689,6.512389353,27155
maspeth queens,99.2151497,-0.048333571,1.950271848,4.038195695,27155
maspeth queens,97.06496454,-0.254594153,2.497582371,5.331602903,27155
maspeth queens,100.267553,-0.11152533,2.28965435,11.33072665,27155
maspeth queens,99.18629286,-0.416779383,10.79635214,6.049109451,27155
maspeth queens,98.42099455,-0.15756589,9.646934831,2.891142643,27155
maspeth queens,97.83421652,-0.259997306,2.067058739,1.601116372,27155
maspeth queens,98.69829464,-0.12926393,10.56433113,6.95360653,27155
maspeth queens,96.64981299,-0.214990684,8.748502627,3.425320261,27155
maspeth queens,98.34862303,-0.199340566,9.992176908,1.034172733,27155
maspeth queens,98.83105041,-0.328345556,9.823515092,1.871198156,27155
maspeth queens,98.54340554,-0.316411985,9.728441663,1.283976745,27155
maspeth queens,99.7160417,-0.423685611,6.659134595,2.241087212,27155
maspeth queens,98.85028234,-0.276897493,6.969662889,2.792533635,27155
maspeth queens,98.22616827,-0.266209027,9.176859007,2.224887189,27155
maspeth queens,96.41715865,-0.309336514,10.67318323,6.696105246,27155
maspeth queens,100.4109013,-0.353178476,6.279074793,8.817650063,27155
maspeth queens,99.38629203,-0.267832306,7.642796078,3.383241392,27155
maspeth queens,98.78732506,-0.239664712,10.80906566,1.5906579,27155
maspeth queens,99.7538234,-0.32031035,5.051530174,3.102838882,27155
maspeth queens,99.21157405,-0.259962126,9.614386322,2.748490916,27155
maspeth queens,99.26008145,-0.104956754,8.412100967,4.761179617,27155
maspeth queens,98.94650822,-0.18408494,5.096422677,1.888659884,27155
maspeth queens,100.5800604,-0.407034171,8.461223285,4.303014587,27155
maspeth queens,99.61674199,-0.263311154,7.056206906,1.492666368,27155
maspeth queens,99.05248441,-0.229306557,1.905001529,5.947039587,27155
maspeth queens,101.027052,-0.279584467,6.767980238,1.147125966,27155
maspeth queens,101.8544778,-0.35580301,2.359250566,2.340736212,27155
maspeth queens,98.99876037,-0.183648739,8.55827388,2.566572395,27155
maspeth queens,101.9895961,-0.255876015,8.331756544,6.921667398,27155
maspeth queens,101.0321981,-0.213747094,8.348552284,6.914723913,27155
maspeth queens,99.49970383,-0.322990721,2.597048686,1.788383737,27155
maspeth queens,100.5336963,-0.297341511,5.24598066,5.296985112,27155
maspeth queens,101.235051,-0.259372535,4.770766687,8.342708727,27155
maspeth queens,100.7632206,-0.327080403,3.345564157,5.822558753,27155
maspeth queens,101.1180184,-0.373918523,4.808066746,2.690074735,27155
maspeth queens,101.7209503,-0.181901633,4.681974589,6.112276023,27155
maspeth queens,100.8249498,-0.372120902,6.503887269,9.247821253,27155
maspeth queens,102.0397114,-0.264384613,3.974939186,10.71014277,27155
maspeth queens,101.4231985,-0.334595203,4.449732106,10.93975293,27155
maspeth queens,102.3197712,-0.196936882,5.495441786,4.362511421,27155
maspeth queens,101.3588631,-0.36316507,1.35830859,3.776775602,27155
maspeth queens,101.0882381,-0.335996882,7.085399866,7.171945785,27155
maspeth queens,102.0144829,-0.297625988,4.32606211,1.884455625,27155
maspeth queens,102.5033504,-0.212657216,8.19683939,10.37888726,27155
maspeth queens,103.26124,-0.352653795,4.599935377,1.729013188,27155
maspeth queens,100.8265843,-0.324298609,4.846155477,10.77919062,27155
maspeth queens,101.354626,-0.166745759,2.522368747,2.158915147,27155
maspeth queens,101.610197,-0.407202784,7.008092438,10.18688069,27155
maspeth queens,102.2734798,-0.193612678,4.52595072,1.9364955,27155
maspeth queens,102.3255108,-0.407635246,7.104598198,3.366353218,27155
maspeth queens,103.3446323,-0.281619747,3.966337535,10.69730634,27155
maspeth queens,102.7222888,-0.345216504,4.857284406,1.492896657,27155
maspeth queens,102.7161117,-0.178439049,3.083042672,1.026265577,27155
maspeth queens,101.9727796,-0.350742764,0.015916535,1.204542073,27155
maspeth queens,102.0050173,-0.299619597,0.888850209,7.308794812,27155
maspeth queens,105.1473136,-0.241356229,7.617084868,4.614249182,27155
maspeth queens,101.9169811,-0.479204791,0.178765043,2.969994919,27155
maspeth queens,102.0252589,-0.39537732,3.42316509,2.634025125,27155
maspeth queens,104.7379243,-0.342259942,2.011513286,7.283258268,27155
maspeth queens,102.0495573,-0.166952578,3.449931868,6.99622045,27155
maspeth queens,102.2912114,-0.274256083,1.186596137,11.67857505,27155
maspeth queens,102.6519738,-0.327400278,6.212231637,9.914199063,27155
maspeth queens,102.7527492,-0.096843376,5.378397078,2.478339535,27155
maspeth queens,105.2967491,-0.461581523,5.999372446,11.63570256,27155
maspeth queens,104.580693,-0.348440532,3.019115842,7.71644987,27155
maspeth queens,104.719235,-0.461667151,3.085409854,2.63577699,27155
maspeth queens,104.6230868,-0.302113183,5.931608712,2.288758326,27155
maspeth queens,103.1160591,-0.45045179,7.25697157,2.506552077,27155
maspeth queens,105.6596555,-0.36664256,6.914135519,9.339256471,27155
maspeth queens,104.8558267,-0.151761553,4.831829259,11.17898523,27155
maspeth queens,105.674408,-0.406330803,5.801561103,3.100043287,27155
maspeth queens,106.2000587,-0.37951181,4.889521226,7.453839677,27155
maspeth queens,105.1655146,-0.290058213,3.117284759,3.730791682,27155
maspeth queens,106.6819299,-0.267678518,0.494346378,11.19292598,27155
maspeth queens,104.4881168,-0.330552403,1.786413074,3.826967785,27155
maspeth queens,106.9932074,-0.239498826,5.721970689,8.283912094,27155
maspeth queens,106.6060035,-0.34847242,8.025089238,8.865541278,27155
maspeth queens,107.70519,-0.362435006,3.084952275,5.839520229,27155
maspeth queens,108.0207103,-0.365382983,0.273608078,2.914370592,27155
maspeth queens,106.884298,-0.296338436,3.668536054,8.271345723,27155
maspeth queens,108.8932329,-0.490060929,6.78739257,9.562046946,27155
maspeth queens,107.2163292,-0.266800061,3.700614583,1.588825217,27155
maspeth queens,108.1436855,-0.311169429,2.593150381,11.32943736,27155
maspeth queens,109.5241248,-0.366805043,7.146880602,6.948223749,27155
mid-manhattan west,85.678756,0.042853647,21.82593743,2.645293971,27634
mid-manhattan west,85.78554061,-0.061881216,4.497725148,1.075829806,27634
mid-manhattan west,91.0067058,-0.396882655,14.39102618,4.303847451,27634
mid-manhattan west,89.49541346,-0.072968406,16.45035958,4.343983562,27634
mid-manhattan west,90.82181402,-0.316837017,24.40140139,5.765749817,27634
mid-manhattan west,89.70363789,-0.387490056,4.743883337,1.130889387,27634
mid-manhattan west,90.59079014,-0.223261215,7.533140411,12.52016721,27634
mid-manhattan west,90.17299571,-0.38204262,5.355545574,11.70740349,27634
mid-manhattan west,90.14414047,-0.223634807,22.39131751,13.25903523,27634
mid-manhattan west,90.11696698,-0.396119001,18.23171032,4.143147525,27634
mid-manhattan west,90.92790366,-0.245063359,16.88780997,12.27411603,27634
mid-manhattan west,91.4984982,-0.174170888,20.91940511,9.09435218,27634
mid-manhattan west,91.9955765,-0.292132833,19.58539309,5.165705195,27634
mid-manhattan west,91.27180709,-0.165391612,16.51370983,1.035820176,27634
mid-manhattan west,91.22297489,-0.29786612,10.52951543,1.981589866,27634
mid-manhattan west,91.61348572,-0.343350082,20.68825934,2.169849191,27634
mid-manhattan west,90.7180323,-0.305018696,17.6065734,7.535453449,27634
mid-manhattan west,92.87863643,-0.339203046,19.14617379,8.141937836,27634
mid-manhattan west,91.08165683,-0.209879246,12.23855463,9.30511648,27634
mid-manhattan west,92.04844335,-0.053891343,19.90263987,2.169571261,27634
mid-manhattan west,90.44259604,-0.328748582,4.379368032,12.61213603,27634
mid-manhattan west,93.60421097,-0.27201224,25.02428345,5.05241627,27634
mid-manhattan west,93.98476544,-0.292650028,11.22394558,2.806000224,27634
mid-manhattan west,92.01471379,-0.032836287,15.14320196,2.660532918,27634
mid-manhattan west,94.17783348,-0.154206785,13.02737426,1.475582773,27634
mid-manhattan west,93.51296824,-0.08119549,11.54784457,10.58152868,27634
mid-manhattan west,93.93142221,-0.272362262,11.39309048,5.854684108,27634
mid-manhattan west,94.61889441,-0.396307504,11.54918445,5.680180389,27634
mid-manhattan west,92.9238586,-0.280856823,11.2494967,1.723747704,27634
mid-manhattan west,93.34930677,-0.350634428,16.74805199,7.655886663,27634
mid-manhattan west,93.70646555,-0.096456097,6.697003911,6.888268532,27634
mid-manhattan west,93.22265214,-0.118099562,2.975447407,2.94363433,27634
mid-manhattan west,93.61417918,-0.132142904,7.364811657,6.343881656,27634
mid-manhattan west,94.85160203,-0.231064795,16.53992019,13.0622627,27634
mid-manhattan west,94.69462614,-0.361417065,9.734923486,5.585428334,27634
mid-manhattan west,94.45298555,-0.386117225,6.024593606,7.405751186,27634
mid-manhattan west,94.81115273,-0.332429323,17.66775207,4.050022434,27634
mid-manhattan west,95.85680173,-0.453051124,4.370842779,10.96425878,27634
mid-manhattan west,94.51372018,-0.465826613,9.841192279,10.35048583,27634
mid-manhattan west,95.82800621,-0.392239816,5.495074043,10.10532008,27634
mid-manhattan west,94.6639889,-0.201783776,6.46953635,9.756548471,27634
mid-manhattan west,97.25913696,-0.506551748,3.563708646,10.15593056,27634
mid-manhattan west,94.28184123,-0.238281114,6.689188464,8.289809388,27634
mid-manhattan west,96.19249938,-0.160191219,15.74532179,3.926435285,27634
mid-manhattan west,96.83817093,-0.425895692,3.710672634,2.470360333,27634
mid-manhattan west,94.60026788,-0.426750637,4.442924541,10.9979034,27634
mid-manhattan west,95.33590368,-0.286619852,10.3427195,2.15796062,27634
mid-manhattan west,96.9873244,-0.416185628,10.37670337,5.830903328,27634
mid-manhattan west,96.22399946,-0.389717055,4.576193135,3.400982129,27634
mid-manhattan west,97.62246785,-0.445282384,8.846999912,1.270257787,27634
mid-manhattan west,97.83038789,-0.364318807,14.83725201,3.248802201,27634
mid-manhattan west,94.68592955,-0.531995964,8.61198993,8.600319237,27634
mid-manhattan west,96.86339472,-0.314969489,13.94284598,13.4292577,27634
mid-manhattan west,97.1334338,-0.405830148,6.495819945,4.369709588,27634
mid-manhattan west,96.80689919,-0.503176543,15.05314598,10.34399839,27634
mid-manhattan west,97.84616425,-0.321057685,8.448507122,13.96302519,27634
mid-manhattan west,98.13303565,-0.321833435,12.38374098,11.93319147,27634
mid-manhattan west,98.2762728,-0.48428042,9.885619317,13.14717401,27634
mid-manhattan west,97.3025878,-0.340856209,8.747898775,9.111398225,27634
mid-manhattan west,98.07131219,-0.420818497,8.76914842,10.7754761,27634
mid-manhattan west,97.3473129,-0.269160932,4.061927913,10.91341241,27634
mid-manhattan west,96.20496514,-0.289764104,9.931955583,10.67345566,27634
mid-manhattan west,98.0056767,-0.299278174,2.167501921,13.3551016,27634
mid-manhattan west,97.61024241,-0.244467451,1.518664776,8.504678877,27634
mid-manhattan west,97.28295404,-0.187449615,5.498734453,12.01275887,27634
mid-manhattan west,96.33145684,-0.351192802,9.79793535,4.584342124,27634
mid-manhattan west,99.15179354,-0.412803447,3.292303173,1.039171117,27634
mid-manhattan west,97.44148314,-0.490727871,7.337518653,13.77653076,27634
mid-manhattan west,99.98207197,-0.512330754,9.595448132,5.905804484,27634
mid-manhattan west,100.1396726,-0.439991047,1.754971861,16.87167459,27634
mid-manhattan west,98.18686484,-0.259584218,5.291969899,13.96668138,27634
mid-manhattan west,97.37674678,-0.415832367,5.413639256,5.87989528,27634
mid-manhattan west,97.58288776,-0.358040311,2.494070618,5.383068161,27634
mid-manhattan west,99.14128496,-0.400380147,9.775257231,6.404193752,27634
mid-manhattan west,98.5566262,-0.299733637,3.050098763,1.208256694,27634
mid-manhattan west,99.0540814,-0.37392953,0.926744099,5.783566726,27634
mid-manhattan west,100.1947341,-0.487853292,8.643045904,7.477478815,27634
mid-manhattan west,101.2449486,-0.418907803,7.754086614,12.70764628,27634
mid-manhattan west,100.7815762,-0.246583096,7.72155964,8.407291487,27634
mid-manhattan west,99.24901874,-0.44510633,4.938174765,3.867651134,27634
mid-manhattan west,101.2093074,-0.484401276,2.872160498,6.978664804,27634
mid-manhattan west,99.96474169,-0.477479155,3.996032797,12.52256698,27634
mid-manhattan west,100.7880691,-0.439950828,3.432381078,18.5291928,27634
mid-manhattan west,100.4012825,-0.437400961,2.0129388,6.108086364,27634
mid-manhattan west,101.6548674,-0.20045628,0.119000083,12.54258019,27634
mid-manhattan west,101.7470753,-0.448055623,5.430110988,7.625825505,27634
mid-manhattan west,99.77046795,-0.388819188,1.897595253,4.219714288,27634
mid-manhattan west,103.8356673,-0.383233272,7.62743169,8.026648489,27634
mid-manhattan west,102.780288,-0.458837903,4.774208415,11.52192889,27634
mid-manhattan west,104.1140967,-0.417017361,4.863295921,15.57074858,27634
mid-manhattan west,105.3067913,-0.565607974,0.093223316,16.1182376,27634
ocean parkway brooklyn,89.05698537,-0.308455227,21.46491944,3.132146692,40771
ocean parkway brooklyn,90.43298452,-0.241969546,13.6261907,1.689644856,40771
ocean parkway brooklyn,92.21757584,-0.08416668,20.5997023,2.935056318,40771
ocean parkway brooklyn,91.63774618,0.060552342,17.30355991,2.616947107,40771
ocean parkway brooklyn,91.76889665,-0.408016574,9.47814781,1.586160484,40771
ocean parkway brooklyn,94.86071448,-0.226467621,25.5994219,1.195513072,40771
ocean parkway brooklyn,91.11730463,-0.22661401,26.73544523,1.05552178,40771
ocean parkway brooklyn,93.88931247,-0.348339737,24.06493965,3.245613476,40771
ocean parkway brooklyn,92.76163018,-0.192444554,14.42715009,4.0922487,40771
ocean parkway brooklyn,96.37271585,-0.271644114,17.83471527,3.76724033,40771
ocean parkway brooklyn,93.57217365,-0.296300285,14.21164593,1.856769666,40771
ocean parkway brooklyn,94.97001089,-0.349258542,14.59013645,2.621724748,40771
ocean parkway brooklyn,96.47225106,-0.259164514,6.980077373,2.548933985,40771
ocean parkway brooklyn,95.29253347,-0.308780453,5.406166095,1.677768668,40771
ocean parkway brooklyn,97.65420522,-0.273795083,9.820247642,5.884346198,40771
ocean parkway brooklyn,96.00241995,-0.362674865,15.65005751,3.657215776,40771
ocean parkway brooklyn,95.87114425,-0.108225686,6.469039424,2.395332647,40771
ocean parkway brooklyn,96.7278194,-0.286835048,19.26758267,1.005761161,40771
ocean parkway brooklyn,94.41162477,-0.158282846,7.163053334,1.857153065,40771
ocean parkway brooklyn,92.9289623,-0.179811381,14.56931202,1.265388287,40771
ocean parkway brooklyn,94.57120328,-0.2715772,18.76138522,1.343623297,40771
ocean parkway brooklyn,96.72257884,-0.382116051,19.10175142,3.84552879,40771
ocean parkway brooklyn,95.84315907,-0.325136689,9.686109866,2.733721555,40771
ocean parkway brooklyn,95.31666671,-0.220875325,5.933364419,1.200043375,40771
ocean parkway brooklyn,96.59636438,-0.066850246,16.64725342,3.118259767,40771
ocean parkway brooklyn,95.80503886,-0.102041228,13.79151912,1.447371797,40771
ocean parkway brooklyn,94.40104888,-0.037110015,10.18598148,1.843169777,40771
ocean parkway brooklyn,96.21161329,-0.215321782,15.54584519,2.504021661,40771
ocean parkway brooklyn,97.30236697,-0.131015897,18.7811747,4.663717491,40771
ocean parkway brooklyn,97.12356306,-0.344181115,7.385312541,1.742444889,40771
ocean parkway brooklyn,97.51308776,-0.249509363,11.58777549,1.094334586,40771
ocean parkway brooklyn,96.33196892,-0.29498377,19.11706856,2.571198358,40771
ocean parkway brooklyn,98.00022804,-0.239629769,12.4979748,1.260425439,40771
ocean parkway brooklyn,97.13550688,-0.407776883,17.01801568,2.400426567,40771
ocean parkway brooklyn,96.80846094,-0.128315038,14.64988985,4.169593384,40771
ocean parkway brooklyn,95.23729179,-0.230096428,11.77252013,1.690121264,40771
ocean parkway brooklyn,97.51083108,-0.227823714,9.900777063,3.682840824,40771
ocean parkway brooklyn,96.77635688,-0.237268107,19.12702587,3.387917684,40771
ocean parkway brooklyn,96.47463368,-0.321308244,18.00371744,4.194665063,40771
ocean parkway brooklyn,98.26662931,-0.190509769,17.79716165,2.980087275,40771
ocean parkway brooklyn,98.52687153,-0.211931408,8.119768304,2.257944268,40771
ocean parkway brooklyn,97.46134608,-0.152312009,9.20182459,3.348966791,40771
ocean parkway brooklyn,96.41565231,-0.166504644,9.142117262,1.479042075,40771
ocean parkway brooklyn,96.46428701,-0.06059776,9.43905689,1.522073049,40771
ocean parkway brooklyn,96.04564614,-0.227433077,6.896597514,2.603197061,40771
ocean parkway brooklyn,98.7531033,-0.201880438,7.598765715,1.632372627,40771
ocean parkway brooklyn,97.89744933,-0.070287646,12.77103007,3.013355464,40771
ocean parkway brooklyn,97.62447745,-0.386165517,7.025506603,1.484940484,40771
ocean parkway brooklyn,99.29556527,-0.320149165,10.20222217,3.929176094,40771
ocean parkway brooklyn,97.04230581,-0.28825927,9.600793961,1.478528239,40771
ocean parkway brooklyn,98.3509752,-0.28395323,9.137414114,6.293045359,40771
ocean parkway brooklyn,97.76944577,-0.248405248,11.77721885,3.95711548,40771
ocean parkway brooklyn,99.03103979,-0.215180208,7.051749464,3.333298929,40771
ocean parkway brooklyn,98.47786906,-0.209562878,8.655362029,1.584860445,40771
ocean parkway brooklyn,97.70178403,-0.264416866,12.49469222,2.315258977,40771
ocean parkway brooklyn,97.40465821,-0.191227607,6.4875405,1.40082149,40771
ocean parkway brooklyn,98.02449315,-0.123608897,6.659510857,3.376023566,40771
ocean parkway brooklyn,99.01088498,-0.194627096,10.99215288,4.936793445,40771
ocean parkway brooklyn,97.30095708,-0.114148469,6.468803288,3.091720823,40771
ocean parkway brooklyn,98.16636554,-0.218337122,12.11247268,3.669398627,40771
ocean parkway brooklyn,99.73522475,-0.301593767,11.52519554,1.953056485,40771
ocean parkway brooklyn,98.99483708,-0.392203271,11.87058559,3.361820959,40771
ocean parkway brooklyn,101.1949943,-0.401143164,4.308135674,5.86274821,40771
ocean parkway brooklyn,98.62953503,-0.25170214,8.877750858,2.89960753,40771
ocean parkway brooklyn,99.51490798,-0.124736998,10.88329595,1.208881721,40771
ocean parkway brooklyn,99.11504806,-0.299233655,4.792610227,5.46064139,40771
ocean parkway brooklyn,97.891146,-0.311548622,11.69835114,2.05750171,40771
ocean parkway brooklyn,99.40647639,-0.149699124,5.367012547,1.558310257,40771
ocean parkway brooklyn,98.34774059,-0.319076927,11.73549276,2.599765293,40771
ocean parkway brooklyn,99.14530159,-0.315290707,4.531111528,1.636883274,40771
ocean parkway brooklyn,99.51847779,-0.488236751,12.6462153,3.105552907,40771
ocean parkway brooklyn,101.7740453,-0.136771528,8.151590968,2.153767614,40771
ocean parkway brooklyn,98.98945187,-0.343154146,7.798205688,2.769437327,40771
ocean parkway brooklyn,100.3962549,-0.291881787,6.207403202,9.97687091,40771
ocean parkway brooklyn,100.5618722,-0.44004552,5.682930645,3.595990944,40771
ocean parkway brooklyn,99.6396223,-0.285829417,7.420297458,5.160782299,40771
ocean parkway brooklyn,99.33459344,-0.18312289,4.299051605,2.935075327,40771
ocean parkway brooklyn,100.3460996,-0.375220693,5.668048723,10.37276433,40771
ocean parkway brooklyn,101.9473785,-0.219167829,5.663582526,1.943418291,40771
ocean parkway brooklyn,99.72330268,-0.174790067,7.155948795,1.128045755,40771
ocean parkway brooklyn,100.6477826,-0.417369702,12.22670166,10.53201499,40771
ocean parkway brooklyn,100.0481394,-0.270923156,8.803757859,7.092391497,40771
ocean parkway brooklyn,102.3596601,-0.357404893,9.03985856,1.329025111,40771
ocean parkway brooklyn,100.0071299,-0.364794777,6.298528264,3.479893374,40771
ocean parkway brooklyn,99.59183461,-0.53055099,12.91351236,1.777817717,40771
ocean parkway brooklyn,102.189156,-0.300904122,10.13210262,7.856456818,40771
ocean parkway brooklyn,100.7861258,-0.326813264,8.358563052,2.79801865,40771
ocean parkway brooklyn,99.85151975,-0.309193851,3.43817933,2.766426359,40771
ocean parkway brooklyn,101.7558551,-0.427746261,9.602333575,7.419219082,40771
ocean parkway brooklyn,100.1258702,-0.356399068,4.655979692,8.175767368,40771
ocean parkway brooklyn,99.92562579,-0.372374216,1.247957073,5.905238794,40771
ocean parkway brooklyn,100.9164542,-0.270663373,1.416672921,3.859103489,40771
ocean parkway brooklyn,102.3390487,-0.320834731,3.201762493,1.353682575,40771
ocean parkway brooklyn,99.80215518,-0.459535856,8.381388585,4.611697929,40771
ocean parkway brooklyn,99.94958812,-0.385808001,0.948026318,1.133580086,40771
ocean parkway brooklyn,99.42332994,-0.290854203,8.708841192,1.750710219,40771
ocean parkway brooklyn,102.810918,-0.216499376,6.9678798,2.272981067,40771
ocean parkway brooklyn,101.7267066,-0.283028482,1.536818412,4.711812471,40771
ocean parkway brooklyn,101.6137415,-0.391346693,3.280962346,10.99717139,40771
ocean parkway brooklyn,101.9393673,-0.115309946,1.21700416,9.485526324,40771
ocean parkway brooklyn,102.663249,-0.298924182,9.161010454,2.379385724,40771
ocean parkway brooklyn,103.7189272,-0.413324566,1.506881907,9.831475866,40771
ocean parkway brooklyn,101.2282118,-0.171626284,1.763518663,8.691327787,40771
ocean parkway brooklyn,101.1882238,-0.391601999,3.119572583,4.175994026,40771
ocean parkway brooklyn,102.3768792,-0.280821472,1.381664965,2.422697641,40771
ocean parkway brooklyn,102.2625273,-0.355979992,9.95393826,8.799325421,40771
ocean parkway brooklyn,103.1644878,-0.404609564,10.0387828,7.37619957,40771
ocean parkway brooklyn,102.8039132,-0.314973373,2.253392143,7.56323391,40771
ocean parkway brooklyn,103.4201285,-0.343763735,5.180490448,1.453131976,40771
ocean parkway brooklyn,106.5129208,-0.288702838,2.971752895,6.124925356,40771
ocean parkway brooklyn,103.107031,-0.405185465,6.590549987,10.99902335,40771
ocean parkway brooklyn,101.3657099,-0.392386423,3.186124141,2.932137623,40771
ocean parkway brooklyn,104.673703,-0.233729971,0.406136256,7.345239387,40771
ocean parkway brooklyn,105.3138074,-0.177188287,1.765390306,3.282036229,40771
ocean parkway brooklyn,101.4732776,-0.301112581,3.641302167,1.590974647,40771
ocean parkway brooklyn,102.7004211,-0.388890029,3.315265438,2.304198666,40771
ocean parkway brooklyn,103.6910685,-0.460336159,9.719685937,10.43761146,40771
ocean parkway brooklyn,103.5195981,-0.294771055,4.203537561,3.372338806,40771
ocean parkway brooklyn,106.3776896,-0.242532685,4.985881884,2.384679837,40771
ocean parkway brooklyn,103.4073156,-0.438708247,4.748989834,9.891065837,40771
ocean parkway brooklyn,103.958113,-0.451567334,3.350032117,7.357448097,40771
ocean parkway brooklyn,104.5292444,-0.207267746,3.697461561,2.113392581,40771
ocean parkway brooklyn,104.8726241,-0.331049173,2.505388774,5.704182612,40771
ocean parkway brooklyn,105.2734144,-0.363824179,9.916398971,7.217855991,40771
ocean parkway brooklyn,105.7281757,-0.449335986,3.129377326,3.686043075,40771